,sentiment,count,percent
0,positive,9208,93.1323960756549
1,negative,384,3.883887933650248
2,neutral,295,2.9837159906948516
