,sentiment,count,percent
0,positive,2844,57.746192893401016
1,negative,1116,22.659898477157363
2,neutral,965,19.593908629441625
