,sentiment,count,percent
0,negative,6199,67.8005031171388
1,neutral,1785,19.523132451055453
2,positive,1159,12.676364431805753
