,sentiment,count,percent
0,negative,12036,81.69415598
1,neutral,1703,11.55908505
2,positive,994,6.746758976