,sentiment,count,percent
0,negative,2646,62.59758694109298
1,positive,1550,36.66903241069316
2,neutral,31,0.7333806482138633
