,sentiment,count,percent
0,negative,2156,51.00544121126094
1,positive,1814,42.91459664064348
2,neutral,257,6.079962148095576
