,sentiment,count,percent
0,negative,2646,62.59758694
1,positive,331,7.830612728
2,neutral,1250,29.57180033