,sentiment,count,percent
0,negative,3789,63.19212809
1,neutral,1769,29.503002
2,positive,438,7.304869913